{
  "summary": {
    "total_strokes": 128,
    "total_features": 21,
    "stages": {
      "main_structure": 38,
      "local_details": 51,
      "decorative": 39
    },
    "optimization_length": 128
  },
  "statistics": {
    "stroke_areas": [
      39.5,
      83.5,
      36.0,
      33.5,
      75.0,
      80.5,
      75.5,
      48.5,
      39.0,
      38.0,
      38.0,
      57.5,
      55.0,
      97.0,
      62.0,
      42.5,
      52.0,
      40.0,
      41.5,
      66.5,
      45.5,
      37.0,
      37.0,
      59.5,
      73.5,
      66.0,
      60.0,
      47.0,
      50.0,
      49.5,
      50.0,
      310.5,
      1574.5,
      98.5,
      41.0,
      51.0,
      76.5,
      37.5,
      40.0,
      68.5,
      40.0,
      106.0,
      146.0,
      44.5,
      40.5,
      44.5,
      36.5,
      101.0,
      47.5,
      65.5,
      73.5,
      42.5,
      60.5,
      47.5,
      155.5,
      84.5,
      51.0,
      43.0,
      84.0,
      44.0,
      110.0,
      235.0,
      4981.0,
      59.0,
      53.0,
      48.5,
      111.5,
      67.5,
      93.0,
      40.0,
      280.0,
      41.0,
      38.0,
      43.5,
      49.5,
      37.5,
      268.0,
      37.0,
      39.5,
      37.0,
      62.0,
      66.0,
      88.0,
      40.5,
      46.0,
      58.0,
      93.5,
      126.5,
      67.5,
      63.0,
      51.5,
      2860.0,
      37.0,
      61.0,
      44.5,
      1619.0,
      248.0,
      61.0,
      123.5,
      425.0,
      1001.5,
      57.5,
      74.0,
      395.0,
      164.0,
      36.5,
      33.0,
      34.0,
      62.5,
      85.0,
      545.0,
      485.5,
      71.0,
      63.5,
      71.0,
      34.0,
      48.0,
      93.0,
      37.5,
      286.0,
      43.0,
      70.0,
      229.5,
      48.5,
      150.5,
      76.5,
      38.5,
      34.5
    ],
    "stroke_perimeters": [
      52.52691125869751,
      62.66904652118683,
      34.62741672992706,
      41.35533845424652,
      72.08326029777527,
      51.35533857345581,
      49.35533821582794,
      33.21320307254791,
      26.14213514328003,
      41.94112479686737,
      41.455843448638916,
      39.21320283412933,
      34.627416372299194,
      79.39696848392487,
      56.42640578746796,
      42.5269113779068,
      47.94112467765808,
      54.42640578746796,
      45.35533821582794,
      54.52691090106964,
      28.727921843528748,
      37.455843687057495,
      44.7695517539978,
      32.38477599620819,
      71.84061980247498,
      64.76955187320709,
      55.597978830337524,
      54.42640578746796,
      38.28427064418793,
      44.5269113779068,
      34.284270882606506,
      254.43354606628418,
      946.4133347272873,
      75.49747359752655,
      37.455843567848206,
      55.597978830337524,
      87.49747359752655,
      36.041630029678345,
      48.76955163478851,
      31.55634880065918,
      33.45584321022034,
      84.42640614509583,
      136.6518018245697,
      35.21320295333862,
      38.041629910469055,
      45.35533845424652,
      37.355337738990784,
      62.426406145095825,
      32.041629910469055,
      42.870057106018066,
      53.35533833503723,
      25.55634880065918,
      44.87005698680878,
      33.21320295333862,
      105.63960874080658,
      73.0121922492981,
      32.627416491508484,
      47.455843567848206,
      61.25483298301697,
      30.627416491508484,
      109.19595837593079,
      173.27921795845032,
      2682.252195239067,
      57.5979790687561,
      83.5391036272049,
      34.870057106018066,
      112.6101713180542,
      57.35533809661865,
      104.71067667007446,
      44.76955211162567,
      244.53405117988586,
      49.5979790687561,
      30.97056245803833,
      49.35533833503723,
      37.6984840631485,
      32.041629791259766,
      120.71067643165588,
      44.28427052497864,
      28.384775757789612,
      33.455843567848206,
      49.94112467765808,
      37.455843567848206,
      50.42640566825867,
      24.727921843528748,
      31.79898953437805,
      33.79898941516876,
      88.12488985061646,
      71.8406194448471,
      45.6984840631485,
      55.597978711128235,
      49.35533809661865,
      1950.8266710042953,
      45.94112467765808,
      39.455843567848206,
      49.35533809661865,
      1039.7341825962067,
      183.42135334014893,
      49.94112491607666,
      63.49747359752655,
      204.2497799396515,
      571.1097319126129,
      48.5269113779068,
      68.08326017856598,
      254.6761862039566,
      122.02438497543335,
      36.870057106018066,
      39.455843687057495,
      41.11269783973694,
      55.01219284534454,
      97.5391036272049,
      383.10259199142456,
      273.40410792827606,
      87.5391047000885,
      75.9827550649643,
      73.25483298301697,
      41.455843567848206,
      52.08326065540314,
      68.42640590667725,
      38.52691125869751,
      134.16652023792267,
      34.62741661071777,
      71.5979790687561,
      112.95331716537476,
      47.35533857345581,
      75.15432703495026,
      56.183765053749084,
      38.870057225227356,
      32.72792184352875
    ],