{
  "final_energy": 0.4029066821827301,
  "consistency_cost": 0.1404769277749315,
  "variation_cost": 0.26215507943984406,
  "regularization": 0.0005493499359091603
}